names,
theodor peifer,
Anton Berndorfer,
Yoshihide Suga,
sofia rodriguez,
franziska hafner,
celien mathiue,
Muhammad Ali Jinnah,
liu cixin,
robert downey junior,
Elena Slistar,
Mette Frederiksen,
markus diehl,
Anastasi Chatzakou,
michael finsterwald,
mitb≈ì mikkelson,
theodoros mikiris,
jin yeng,
felix mindl,
Teodor Barca,
satoshi nakamoto,
leonhard beck,
Noah Schreck,
joaquin melgarejo saurin,
luis rauscher,
soeren groettrup,
Jose De Grimaldo,
fransika hafner,
pedro sanchez,
Taiwo Olowo,
sherlock holmes,
jerome boateng,
joshua kimmich,
Nicolae Blaremberg,
Helle Thorning-Schmidt,

